,dataset,rep,fold,best_size,best_depth,auc,time
0,Musk2,5,10,50,8,0.6142857142857143,29.895020484924316
